,id,branch
0,4,ECE
1,22,EEE
2,29,ECE
3,32,ECE
4,34,CSE
5,55,CSE
6,65,ECE
7,66,ECE
8,76,EEE
9,96,ECE
10,108,CSE
11,111,EEE
12,118,ECE
13,147,ECE
14,157,ECE
15,165,ECE
16,166,ECE
17,175,EEE
18,176,ECE
19,188,ECE
20,196,ECE
21,199,EEE
22,202,ECE
23,223,CSE
24,237,CSE
25,239,EEE
26,240,CSE
27,241,ECE
28,245,ECE
29,246,EEE
30,253,ECE
31,258,EEE
32,260,EEE
33,266,ECE
34,267,ECE
35,268,EEE
36,270,EEE
37,271,EEE
38,272,EEE
39,274,EEE
40,282,EEE
41,294,EEE
42,295,EEE
43,307,ECE
44,308,EEE
45,312,EEE
46,314,ECE
47,336,ECE
48,343,EEE
49,346,ECE
50,350,ECE
51,352,ECE
52,358,EEE
53,359,ECE
54,375,EEE
55,380,ECE
56,382,EEE
57,390,EEE
58,394,ECE
59,396,EEE
60,397,ECE
61,400,ECE
62,401,ECE
63,402,EEE
64,405,ECE
65,408,ECE
66,411,ECE
67,413,CSE
68,414,ECE
69,418,EEE
70,423,ECE
71,431,EEE
72,439,ECE
73,445,ECE
74,446,ECE
75,448,ECE
76,455,ECE
77,466,ECE
78,478,ECE
79,488,EEE
80,491,ECE
81,493,EEE
82,498,ECE
83,502,ECE
84,503,EEE
85,510,ECE
86,514,EEE
87,519,CSE
88,520,CSE
89,525,EEE
90,528,CSE
91,530,EEE
92,531,CSE
93,534,EEE
94,551,EEE
95,552,EEE
96,554,EEE
97,558,EEE
98,559,CSE
99,567,ECE
100,572,ECE
101,574,ECE
102,581,CSE
103,583,EEE
104,585,ECE
105,590,ECE
106,598,CSE
107,600,EEE
108,602,EEE
109,605,ECE
110,608,ECE
111,609,ECE
112,614,CSE
113,616,ECE
114,625,ECE
115,626,ECE
116,627,CSE
117,633,CSE
118,641,ECE
119,645,EEE
120,646,ECE
121,652,ECE
122,656,EEE
123,663,EEE
124,665,ECE
125,672,EEE
126,676,EEE
127,688,EEE
128,697,ECE
129,699,EEE
130,701,ECE
131,702,EEE
132,716,EEE
133,719,ECE
134,743,EEE
135,744,ECE
136,760,EEE
137,761,ECE
138,766,ECE
139,802,CSE
140,804,ECE
141,807,EEE
142,808,ECE
143,811,ECE
144,814,ECE
145,817,CSE
146,821,ECE
147,824,ECE
148,829,ECE
149,831,EEE
150,834,CSE
151,840,ECE
152,847,EEE
153,850,ECE
154,857,EEE
155,858,ECE
156,861,EEE
157,863,EEE
158,866,EEE
159,869,CSE
160,877,ECE
161,879,ECE
162,892,ECE
163,894,CSE
164,895,EEE
165,897,EEE
166,901,ECE
167,903,ECE
168,905,ECE
169,908,ECE
170,915,ECE
171,919,ECE
172,924,EEE
173,935,ECE
174,939,EEE
175,943,ECE
176,950,ECE
177,957,CSE
178,972,CSE
179,977,EEE
180,979,EEE
181,984,CSE
182,989,ECE
183,993,ECE
184,1000,ECE
185,1003,CSE
186,1006,ECE
187,1023,EEE
188,1024,EEE
189,1031,CSE
190,1033,ECE
191,1035,ECE
192,1039,EEE
193,1041,CSE
194,1060,ECE
195,1073,EEE
196,1074,EEE
197,1084,CSE
198,1092,EEE
199,1093,CSE
200,1094,ECE
201,1096,ECE
202,1097,ECE
203,1098,EEE
204,1099,ECE
205,1102,ECE
206,1104,EEE
207,1106,ECE
208,1108,CSE
209,1117,ECE
210,1120,ECE
211,1129,CSE
212,1134,CSE
213,1137,CSE
214,1144,EEE
215,1146,EEE
216,1150,CSE
217,1151,ECE
218,1167,EEE
219,1172,EEE
220,1181,ECE
221,1185,ECE
222,1188,CSE
223,1193,ECE
224,1194,EEE
225,1195,ECE
226,1200,EEE
227,1205,EEE
228,1208,ECE
229,1214,EEE
230,1215,ECE
231,1218,ECE
232,1223,EEE
233,1233,ECE
234,1236,CSE
235,1237,EEE
236,1249,EEE
237,1256,ECE
238,1257,ECE
239,1259,CSE
240,1263,EEE
241,1265,ECE
242,1269,ECE
243,1282,EEE
244,1285,ECE
245,1286,ECE
246,1289,EEE
247,1294,ECE
248,1296,EEE
249,1302,ECE
250,1308,ECE
251,1311,CSE
252,1313,ECE
253,1318,CSE
254,1323,CSE
255,1332,ECE
256,1334,ECE
257,1346,ECE
258,1349,EEE
259,1354,EEE
260,1357,EEE
261,1359,ECE
262,1360,ECE
263,1361,ECE
264,1368,EEE
265,1374,ECE
266,1375,ECE
267,1385,ECE
268,1387,ECE
269,1399,ECE
270,1411,ECE
271,1417,EEE
272,1418,ECE
273,1421,ECE
274,1422,ECE
275,1426,EEE
276,1428,ECE
277,1433,ECE
278,1441,ECE
279,1444,EEE
280,1450,EEE
281,1454,ECE
282,1460,ECE
283,1467,ECE
284,1469,ECE
285,1470,EEE
286,1476,EEE
287,1479,EEE
288,1480,ECE
289,1482,CSE
290,1484,EEE
291,1486,ECE
292,1491,ECE
293,1493,ECE
294,1494,ECE
295,1497,EEE
296,1507,ECE
297,1518,ECE
298,1519,EEE
299,1520,CSE
300,1523,ECE
301,1528,ECE
302,1542,ECE
303,1551,ECE
304,1557,EEE
305,1561,EEE
306,1571,EEE
307,1575,CSE
308,1576,CSE
309,1578,ECE
310,1579,CSE
311,1593,ECE
312,1598,ECE
313,1600,ECE
314,1603,ECE
315,1608,EEE
316,1618,EEE
317,1628,ECE
318,1630,ECE
319,1635,ECE
320,1647,EEE
321,1648,CSE
322,1651,EEE
323,1653,ECE
324,1661,ECE
325,1666,ECE
326,1668,EEE
327,1670,ECE
328,1671,EEE
329,1672,ECE
330,1681,EEE
331,1688,ECE
332,1692,EEE
333,1706,ECE
334,1713,CSE
335,1717,ECE
336,1725,EEE
337,1733,ECE
338,1753,ECE
339,1758,CSE
340,1760,EEE
341,1763,CSE
342,1769,EEE
343,1772,ECE
344,1773,CSE
345,1779,CSE
346,1780,EEE
347,1783,CSE
348,1784,ECE
349,1790,CSE
350,1791,CSE
351,1798,EEE
352,1803,EEE
353,1806,ECE
354,1809,ECE
355,1814,ECE
356,1816,EEE
357,1824,EEE
358,1828,EEE
359,1834,ECE
360,1841,ECE
361,1844,ECE
362,1856,ECE
363,1862,EEE
364,1863,EEE
365,1865,EEE
366,1867,EEE
367,1888,EEE
368,1893,ECE
369,1895,EEE
370,1898,CSE
371,1904,ECE
372,1906,ECE
373,1909,ECE
374,1911,ECE
375,1917,EEE
376,1930,CSE
377,1940,EEE
378,1941,EEE
379,1942,EEE
380,1944,EEE
381,1946,EEE
382,1953,EEE
383,1962,EEE
384,1965,EEE
385,1973,ECE
386,1977,ECE
387,1979,EEE
388,1986,EEE
389,1988,EEE
390,1995,ECE
391,2004,EEE
392,2005,EEE
393,2007,ECE
394,2008,EEE
395,2009,ECE
396,2010,ECE
397,2024,ECE
398,2025,ECE
399,2027,EEE
400,2028,ECE
401,2032,EEE
402,2034,ECE
403,2037,ECE
404,2038,ECE
405,2039,ECE
406,2044,ECE
407,2050,EEE
408,2051,ECE
409,2058,ECE
410,2070,ECE
411,2072,EEE
412,2073,EEE
413,2075,CSE
414,2084,CSE
415,2086,EEE
416,2095,EEE
417,2096,CSE
418,2097,ECE
419,2101,ECE
420,2118,ECE
421,2134,ECE
422,2137,ECE
423,2139,ECE
424,2146,CSE
425,2147,CSE
426,2158,ECE
427,2168,ECE
428,2169,ECE
429,2173,EEE
430,2176,ECE
431,2178,EEE
432,2183,CSE
433,2185,ECE
434,2191,CSE
435,2199,EEE
436,2203,ECE
437,2204,CSE
438,2207,ECE
439,2213,ECE
440,2214,CSE
441,2220,ECE
442,2224,EEE
443,2234,EEE
444,2235,ECE
445,2236,CSE
446,2249,EEE
447,2251,ECE
448,2254,EEE
449,2259,EEE
450,2264,CSE
451,2265,ECE
452,2269,EEE
453,2271,EEE
454,2272,EEE
455,2276,EEE
456,2282,ECE
457,2285,EEE
458,2292,ECE
459,2294,ECE
460,2296,ECE
461,2305,CSE
462,2307,EEE
463,2314,EEE
464,2324,EEE
465,2330,ECE
466,2367,CSE
467,2375,ECE
468,2381,CSE
469,2388,EEE
470,2389,EEE
471,2392,CSE
472,2399,ECE
473,2402,EEE
474,2406,EEE
475,2419,EEE
476,2428,ECE
477,2430,ECE
478,2432,CSE
479,2437,EEE
480,2439,EEE
481,2441,ECE
482,2442,EEE
483,2457,EEE
484,2461,ECE
485,2462,ECE
486,2464,ECE
487,2471,EEE
488,2477,EEE
489,2486,CSE
490,2500,ECE
491,2502,EEE
492,2504,ECE
493,2507,CSE
494,2516,CSE
495,2525,ECE
496,2526,EEE
497,2542,ECE
498,2548,ECE
499,2555,CSE
500,2556,EEE
501,2562,ECE
502,2579,ECE
503,2586,EEE
504,2587,EEE
505,2591,ECE
506,2599,EEE
507,2601,ECE
508,2603,EEE
509,2612,EEE
510,2623,ECE
511,2624,ECE
512,2626,ECE
513,2630,EEE
514,2631,ECE
515,2637,ECE
516,2640,ECE
517,2641,ECE
518,2642,ECE
519,2643,EEE
520,2645,CSE
521,2657,EEE
522,2661,ECE
523,2662,EEE
524,2674,EEE
525,2676,ECE
526,2678,ECE
527,2686,CSE
528,2702,EEE
529,2704,ECE
530,2707,EEE
531,2708,EEE
532,2709,EEE
533,2713,CSE
534,2715,EEE
535,2717,CSE
536,2718,EEE
537,2722,CSE
538,2725,CSE
539,2732,CSE
540,2737,EEE
541,2739,EEE
542,2741,EEE
543,2750,CSE
544,2756,CSE
545,2763,CSE
546,2773,CSE
547,2775,CSE
548,2778,CSE
549,2783,CSE
550,2797,EEE
551,2804,EEE
552,2808,EEE
553,2809,ECE
554,2810,ECE
555,2811,EEE
556,2813,CSE
557,2818,ECE
558,2826,EEE
559,2833,EEE
560,2845,ECE
561,2848,CSE
562,2854,ECE
563,2863,EEE
564,2867,EEE
565,2869,CSE
566,2872,ECE
567,2882,ECE
568,2883,ECE
569,2884,EEE
570,2887,CSE
571,2888,CSE
572,2889,ECE
573,2896,CSE
574,2904,ECE
575,2905,CSE
576,2918,EEE
577,2937,CSE
578,2940,ECE
579,2953,EEE
580,2956,EEE
581,2960,ECE
582,2962,EEE
583,2964,EEE
584,2972,ECE
585,2976,ECE
586,2977,ECE
587,3001,ECE
588,3004,EEE
589,3012,EEE
590,3019,ECE
591,3020,ECE
592,3031,EEE
593,3034,EEE
594,3035,EEE
595,3041,EEE
596,3043,EEE
597,3051,ECE
598,3054,EEE
599,3063,CSE
600,3069,EEE
601,3074,EEE
602,3087,CSE
603,3096,ECE
604,3120,CSE
605,3124,ECE
606,3127,EEE
607,3146,ECE
608,3147,CSE
609,3150,EEE
610,3157,EEE
611,3159,CSE
612,3164,ECE
613,3165,EEE
614,3167,ECE
615,3168,ECE
616,3175,ECE
617,3181,ECE
618,3182,EEE
619,3188,CSE
620,3197,CSE
621,3199,EEE
622,3206,EEE
623,3209,EEE
624,3213,EEE
625,3217,EEE
626,3221,ECE
627,3226,ECE
628,3241,EEE
629,3247,ECE
630,3249,ECE
631,3255,CSE
632,3277,ECE
633,3281,ECE
634,3282,EEE
635,3285,ECE
636,3289,ECE
637,3293,ECE
638,3296,ECE
639,3303,CSE
640,3306,CSE
641,3310,ECE
642,3315,CSE
643,3317,EEE
644,3320,CSE
645,3322,EEE
646,3328,CSE
647,3335,ECE
648,3337,EEE
649,3338,EEE
650,3353,ECE
651,3354,ECE
652,3355,ECE
653,3358,CSE
654,3363,ECE
655,3369,EEE
656,3370,EEE
657,3388,ECE
658,3392,EEE
659,3393,ECE
660,3397,ECE
661,3404,ECE
662,3410,CSE
663,3418,EEE
664,3421,CSE
665,3436,ECE
666,3438,CSE
667,3441,EEE
668,3447,EEE
669,3454,CSE
670,3463,EEE
671,3465,ECE
672,3466,EEE
673,3484,EEE
674,3485,EEE
675,3492,EEE
676,3494,EEE
677,3501,ECE
678,3502,CSE
679,3503,CSE
680,3511,EEE
681,3513,ECE
682,3518,EEE
683,3521,ECE
684,3527,ECE
685,3528,ECE
686,3532,ECE
687,3536,ECE
688,3542,ECE
689,3545,EEE
690,3546,EEE
691,3558,CSE
692,3565,ECE
693,3567,ECE
694,3570,ECE
695,3573,EEE
696,3581,EEE
697,3591,ECE
698,3593,EEE
699,3596,EEE
700,3598,EEE
701,3600,ECE
702,3609,ECE
703,3610,ECE
704,3611,EEE
705,3618,EEE
706,3622,CSE
707,3625,EEE
708,3627,ECE
709,3629,EEE
710,3630,EEE
711,3634,CSE
712,3635,EEE
713,3637,ECE
714,3644,ECE
715,3647,EEE
716,3648,CSE
717,3649,EEE
718,3652,EEE
719,3655,ECE
720,3656,EEE
721,3657,CSE
722,3663,EEE
723,3667,ECE
724,3672,EEE
725,3677,ECE
726,3685,ECE
727,3692,EEE
728,3694,ECE
729,3695,EEE
730,3701,EEE
731,3705,CSE
732,3713,ECE
733,3714,CSE
734,3718,EEE
735,3721,CSE
736,3740,EEE
737,3747,EEE
738,3748,EEE
739,3754,EEE
740,3772,ECE
741,3773,CSE
742,3780,ECE
743,3791,CSE
744,3793,EEE
745,3809,EEE
746,3819,ECE
747,3834,CSE
748,3838,CSE
749,3841,ECE
750,3843,ECE
751,3845,EEE
752,3855,ECE
753,3857,ECE
754,3861,ECE
755,3870,EEE
756,3874,ECE
757,3876,ECE
758,3877,ECE
759,3881,ECE
760,3882,ECE
761,3886,CSE
762,3892,EEE
763,3895,ECE
764,3900,EEE
765,3915,ECE
766,3921,ECE
767,3937,CSE
768,3940,ECE
769,3949,ECE
770,3952,ECE
771,3963,ECE
772,3966,EEE
773,3969,ECE
774,3971,EEE
775,3972,EEE
776,3986,CSE
777,3992,EEE
778,3997,ECE
779,4003,CSE
780,4011,ECE
781,4012,EEE
782,4014,CSE
783,4015,CSE
784,4023,CSE
785,4024,CSE
786,4026,CSE
787,4031,EEE
788,4042,CSE
789,4051,ECE
790,4054,EEE
791,4058,ECE
792,4060,EEE
793,4061,EEE
794,4064,CSE
795,4071,ECE
796,4074,EEE
797,4078,ECE
798,4093,EEE
799,4096,ECE
800,4117,ECE
801,4121,CSE
802,4127,ECE
803,4128,CSE
804,4133,ECE
805,4139,ECE
806,4140,EEE
807,4161,EEE
808,4175,CSE
809,4180,CSE
810,4186,EEE
811,4195,ECE
812,4201,ECE
813,4204,CSE
814,4219,CSE
815,4222,CSE
816,4225,EEE
817,4226,EEE
818,4232,CSE
819,4236,EEE
820,4241,EEE
821,4252,ECE
822,4256,EEE
823,4259,ECE
824,4272,EEE
825,4285,CSE
826,4288,ECE
827,4291,CSE
828,4292,ECE
829,4298,ECE
830,4299,CSE
831,4301,ECE
832,4303,CSE
833,4308,EEE
834,4314,CSE
835,4321,ECE
836,4331,EEE
837,4334,ECE
838,4338,ECE
839,4343,EEE
840,4346,EEE
841,4347,ECE
842,4352,CSE
843,4356,ECE
844,4357,ECE
845,4364,ECE
846,4368,ECE
847,4384,CSE
848,4388,EEE
849,4389,CSE
850,4391,EEE
851,4392,ECE
852,4396,EEE
853,4403,ECE
854,4405,EEE
855,4407,ECE
856,4417,CSE
857,4423,EEE
858,4425,EEE
859,4445,EEE
860,4446,ECE
861,4447,ECE
862,4448,EEE
863,4451,ECE
864,4452,EEE
865,4461,EEE
866,4463,CSE
867,4468,EEE
868,4480,ECE
869,4483,ECE
870,4485,ECE
871,4486,EEE
872,4496,EEE
873,4500,ECE
874,4501,CSE
875,4504,ECE
876,4510,EEE
877,4513,EEE
878,4515,ECE
879,4517,EEE
880,4529,CSE
881,4530,ECE
882,4532,ECE
883,4543,EEE
884,4556,ECE
885,4557,CSE
886,4560,ECE
887,4562,ECE
888,4566,ECE
889,4568,ECE
890,4582,ECE
891,4586,ECE
892,4589,ECE
893,4590,ECE
894,4592,ECE
895,4598,EEE
896,4603,EEE
897,4612,ECE
898,4620,EEE
899,4624,CSE
900,4631,ECE
901,4633,ECE
902,4636,EEE
903,4645,ECE
904,4648,CSE
905,4653,ECE
906,4660,EEE
907,4665,ECE
908,4676,ECE
909,4682,CSE
910,4686,EEE
911,4687,EEE
912,4698,ECE
913,4702,EEE
914,4705,CSE
915,4709,EEE
916,4712,ECE
917,4730,ECE
918,4735,ECE
919,4741,EEE
920,4744,EEE
921,4747,ECE
922,4751,EEE
923,4760,ECE
924,4761,ECE
925,4769,EEE
926,4772,ECE
927,4774,EEE
928,4781,EEE
929,4782,CSE
930,4789,ECE
931,4794,CSE
932,4796,ECE
933,4799,EEE
934,4800,EEE
935,4802,CSE
936,4811,ECE
937,4814,ECE
938,4820,CSE
939,4823,EEE
940,4824,ECE
941,4829,ECE
942,4835,CSE
943,4838,EEE
944,4847,ECE
945,4849,ECE
946,4857,EEE
947,4863,ECE
948,4865,ECE
949,4869,CSE
950,4870,EEE
951,4879,ECE
952,4881,CSE
953,4897,EEE
954,4899,ECE
955,4910,ECE
956,4913,EEE
957,4920,ECE
958,4921,EEE
959,4924,CSE
960,4932,ECE
961,4935,ECE
962,4936,ECE
963,4946,ECE
964,4952,ECE
965,4954,ECE
966,4959,ECE
967,4960,ECE
968,4964,EEE
969,4977,ECE
970,4985,EEE
971,4989,ECE
972,4991,CSE
973,4994,CSE
974,4995,EEE
975,4996,CSE
976,4998,EEE
977,5004,EEE
978,5013,ECE
979,5022,EEE
980,5024,ECE
981,5035,CSE
982,5037,ECE
983,5038,EEE
984,5041,EEE
985,5047,EEE
986,5055,EEE
987,5070,EEE
988,5074,EEE
989,5075,EEE
990,5079,EEE
991,5092,CSE
992,5095,ECE
993,5096,ECE
994,5099,EEE
995,5102,EEE
996,5104,ECE
997,5106,EEE
998,5110,ECE
999,5123,ECE
1000,5126,EEE
1001,5133,EEE
1002,5134,ECE
1003,5140,ECE
1004,5144,EEE
1005,5146,CSE
1006,5156,EEE
1007,5167,ECE
1008,5173,ECE
1009,5174,ECE
1010,5176,CSE
1011,5183,ECE
1012,5188,CSE
1013,5193,ECE
1014,5201,ECE
1015,5205,EEE
1016,5211,CSE
1017,5222,ECE
1018,5233,CSE
1019,5240,EEE
1020,5244,ECE
1021,5250,CSE
1022,5258,ECE
1023,5260,EEE
1024,5265,EEE
1025,5268,CSE
1026,5271,EEE
1027,5274,EEE
1028,5277,ECE
1029,5279,EEE
1030,5283,EEE
1031,5290,ECE
1032,5299,EEE
1033,5300,CSE
1034,5304,ECE
1035,5305,ECE
1036,5310,EEE
1037,5313,EEE
1038,5315,ECE
1039,5316,CSE
1040,5318,CSE
1041,5322,EEE
1042,5323,CSE
1043,5327,ECE
1044,5330,EEE
1045,5334,CSE
1046,5338,ECE
1047,5344,EEE
1048,5346,ECE
1049,5348,EEE
1050,5353,ECE
1051,5355,ECE
1052,5357,ECE
1053,5368,EEE
1054,5371,ECE
1055,5376,ECE
1056,5377,EEE
1057,5395,ECE
1058,5396,EEE
1059,5398,EEE
1060,5404,EEE
1061,5408,ECE
1062,5419,CSE
1063,5428,ECE
1064,5430,ECE
1065,5442,ECE
1066,5443,ECE
1067,5455,CSE
1068,5477,EEE
1069,5479,EEE
1070,5482,ECE
1071,5492,ECE
1072,5503,EEE
1073,5516,EEE
1074,5518,ECE
1075,5527,ECE
1076,5530,CSE
1077,5531,ECE
1078,5534,EEE
1079,5551,ECE
1080,5552,ECE
1081,5563,EEE
1082,5570,EEE
1083,5572,ECE
1084,5573,ECE
1085,5574,EEE
1086,5579,ECE
1087,5589,ECE
1088,5592,EEE
1089,5599,ECE
1090,5604,ECE
1091,5605,CSE
1092,5610,ECE
1093,5613,ECE
1094,5622,CSE
1095,5624,EEE
1096,5626,ECE
1097,5632,ECE
1098,5642,ECE
1099,5643,EEE
1100,5661,ECE
1101,5664,EEE
1102,5665,ECE
1103,5666,EEE
1104,5681,EEE
1105,5683,CSE
1106,5684,CSE
1107,5687,CSE
1108,5689,EEE
1109,5690,ECE
1110,5691,EEE
1111,5693,ECE
1112,5697,ECE
1113,5709,EEE
1114,5713,ECE
1115,5722,EEE
1116,5724,EEE
1117,5726,CSE
1118,5728,CSE
1119,5757,ECE
1120,5761,ECE
1121,5764,ECE
1122,5766,ECE
1123,5768,EEE
1124,5779,EEE
1125,5782,EEE
1126,5783,CSE
1127,5786,EEE
1128,5797,ECE
1129,5800,EEE
1130,5809,EEE
1131,5812,ECE
1132,5825,ECE
1133,5826,CSE
1134,5833,EEE
1135,5835,EEE
1136,5839,EEE
1137,5841,ECE
1138,5846,CSE
1139,5847,EEE
1140,5848,ECE
1141,5851,EEE
1142,5853,EEE
1143,5860,EEE
1144,5861,ECE
1145,5869,ECE
1146,5876,CSE
1147,5877,EEE
1148,5879,ECE
1149,5882,ECE
1150,5893,EEE
1151,5895,EEE
1152,5897,EEE
1153,5899,EEE
1154,5912,EEE
1155,5913,ECE
1156,5916,EEE
1157,5931,ECE
1158,5942,EEE
1159,5952,ECE
1160,5968,EEE
1161,5976,ECE
1162,5994,ECE
1163,6012,ECE
1164,6024,ECE
1165,6025,CSE
1166,6030,EEE
1167,6039,ECE
1168,6040,ECE
1169,6041,ECE
1170,6047,ECE
1171,6048,ECE
1172,6053,EEE
1173,6057,EEE
1174,6060,ECE
1175,6064,ECE
1176,6069,EEE
1177,6071,EEE
1178,6075,EEE
1179,6077,EEE
1180,6085,CSE
1181,6088,CSE
1182,6097,CSE
1183,6100,ECE
1184,6104,ECE
1185,6113,ECE
1186,6114,EEE
1187,6117,EEE
1188,6121,CSE
1189,6127,CSE
1190,6133,CSE
1191,6146,EEE
1192,6149,EEE
1193,6158,ECE
1194,6165,ECE
1195,6174,ECE
1196,6176,EEE
1197,6180,ECE
1198,6183,EEE
1199,6189,CSE
1200,6198,ECE
1201,6205,ECE
1202,6210,EEE
1203,6213,ECE
1204,6224,ECE
1205,6225,CSE
1206,6233,ECE
1207,6236,EEE
1208,6242,ECE
1209,6244,ECE
1210,6247,ECE
1211,6250,ECE
1212,6258,EEE
1213,6265,EEE
1214,6281,ECE
1215,6283,EEE
1216,6294,EEE
1217,6297,CSE
1218,6300,CSE
1219,6301,ECE
1220,6303,EEE
1221,6308,ECE
1222,6311,ECE
1223,6318,EEE
1224,6321,ECE
1225,6327,ECE
1226,6335,ECE
1227,6345,ECE
1228,6351,ECE
1229,6357,CSE
1230,6363,EEE
1231,6366,ECE
1232,6368,ECE
1233,6370,EEE
1234,6372,CSE
1235,6391,ECE
1236,6396,ECE
1237,6397,EEE
1238,6404,EEE
1239,6408,ECE
1240,6414,CSE
1241,6415,EEE
1242,6422,ECE
1243,6433,EEE
1244,6438,ECE
1245,6440,EEE
1246,6445,EEE
1247,6451,ECE
1248,6454,CSE
1249,6465,EEE
1250,6468,EEE
1251,6469,EEE
1252,6473,CSE
1253,6478,ECE
1254,6480,ECE
1255,6482,ECE
1256,6498,CSE
1257,6513,ECE
1258,6516,ECE
1259,6519,ECE
1260,6520,CSE
1261,6521,EEE
1262,6525,ECE
1263,6533,ECE
1264,6536,CSE
1265,6541,EEE
1266,6543,CSE
1267,6553,ECE
1268,6555,EEE
1269,6559,CSE
1270,6562,EEE
1271,6574,EEE
1272,6576,ECE
1273,6581,EEE
1274,6582,CSE
1275,6588,CSE
1276,6594,EEE
1277,6599,EEE
1278,6604,ECE
1279,6606,ECE
1280,6614,ECE
1281,6626,EEE
1282,6627,ECE
1283,6629,CSE
1284,6633,CSE
1285,6636,CSE
1286,6643,CSE
1287,6652,CSE
1288,6656,ECE
1289,6657,ECE
1290,6658,ECE
1291,6664,EEE
1292,6667,EEE
1293,6673,CSE
1294,6677,EEE
1295,6680,ECE
1296,6688,ECE
1297,6695,ECE
1298,6702,ECE
1299,6703,ECE
1300,6705,CSE
1301,6706,CSE
1302,6715,ECE
1303,6718,ECE
1304,6720,EEE
1305,6723,ECE
1306,6739,CSE
1307,6741,ECE
1308,6742,ECE
1309,6745,CSE
1310,6753,ECE
1311,6755,CSE
1312,6762,EEE
1313,6763,ECE
1314,6783,CSE
1315,6784,ECE
1316,6789,ECE
1317,6790,ECE
1318,6795,ECE
1319,6818,ECE
1320,6819,ECE
1321,6821,ECE
1322,6830,CSE
1323,6832,ECE
1324,6833,CSE
1325,6837,ECE
1326,6841,ECE
1327,6844,ECE
1328,6847,ECE
1329,6851,EEE
1330,6855,EEE
1331,6878,EEE
1332,6881,ECE
1333,6891,CSE
1334,6892,EEE
1335,6894,EEE
1336,6898,ECE
1337,6899,EEE
1338,6901,EEE
1339,6908,EEE
1340,6913,CSE
1341,6918,ECE
1342,6919,EEE
1343,6921,CSE
1344,6924,EEE
1345,6927,ECE
1346,6931,ECE
1347,6932,ECE
1348,6936,EEE
1349,6938,EEE
1350,6939,CSE
1351,6941,EEE
1352,6946,CSE
1353,6949,CSE
1354,6950,ECE
1355,6951,EEE
1356,6957,ECE
1357,6962,ECE
1358,6968,ECE
1359,6973,ECE
1360,6977,ECE
1361,6979,ECE
1362,6980,EEE
1363,6981,CSE
1364,6987,CSE
1365,6993,CSE
1366,6997,ECE
1367,7012,ECE
1368,7024,EEE
1369,7027,EEE
1370,7029,EEE
1371,7031,CSE
1372,7037,ECE
1373,7038,EEE
1374,7039,ECE
1375,7041,EEE
1376,7046,ECE
1377,7051,EEE
1378,7052,ECE
1379,7070,ECE
1380,7076,CSE
1381,7079,EEE
1382,7083,EEE
1383,7089,EEE
1384,7091,ECE
1385,7096,EEE
1386,7104,ECE
1387,7108,ECE
1388,7119,ECE
1389,7122,EEE
1390,7126,CSE
1391,7133,ECE
1392,7137,EEE
1393,7140,ECE
1394,7146,EEE
1395,7152,ECE
1396,7155,ECE
1397,7156,EEE
1398,7157,EEE
1399,7177,EEE
1400,7185,EEE
1401,7191,ECE
1402,7192,EEE
1403,7196,ECE
1404,7199,EEE
1405,7201,EEE
1406,7203,ECE
1407,7205,ECE
1408,7208,EEE
1409,7209,CSE
1410,7214,CSE
1411,7217,ECE
1412,7219,EEE
1413,7221,EEE
1414,7226,ECE
1415,7230,EEE
1416,7233,EEE
1417,7235,CSE
1418,7236,ECE
1419,7246,ECE
1420,7252,ECE
1421,7259,CSE
1422,7269,ECE
1423,7272,ECE
1424,7278,ECE
1425,7284,EEE
1426,7286,ECE
1427,7287,ECE
1428,7291,EEE
1429,7297,CSE
1430,7320,EEE
1431,7325,ECE
1432,7337,EEE
1433,7341,CSE
1434,7354,ECE
1435,7356,CSE
1436,7359,ECE
1437,7365,ECE
1438,7371,ECE
1439,7373,EEE
1440,7374,CSE
1441,7379,ECE
1442,7380,ECE
1443,7382,ECE
1444,7388,EEE
1445,7390,EEE
1446,7395,CSE
1447,7397,CSE
1448,7409,EEE
1449,7413,ECE
1450,7427,EEE
1451,7437,ECE
1452,7449,CSE
1453,7453,ECE
1454,7455,CSE
1455,7458,ECE
1456,7459,CSE
1457,7464,EEE
1458,7473,ECE
1459,7480,CSE
1460,7485,CSE
1461,7490,CSE
1462,7497,CSE
1463,7500,ECE
1464,7503,CSE
1465,7504,EEE
1466,7505,EEE
1467,7508,CSE
1468,7509,EEE
1469,7512,ECE
1470,7523,EEE
1471,7524,EEE
1472,7531,ECE
1473,7534,ECE
1474,7540,EEE
1475,7542,CSE
1476,7548,ECE
1477,7551,CSE
1478,7565,ECE
1479,7573,EEE
1480,7578,EEE
1481,7588,ECE
1482,7592,CSE
1483,7596,EEE
1484,7597,CSE
1485,7599,CSE
1486,7601,ECE
1487,7610,CSE
1488,7622,ECE
1489,7626,ECE
1490,7627,CSE
1491,7628,ECE
1492,7632,EEE
1493,7637,ECE
1494,7651,EEE
1495,7652,EEE
1496,7680,ECE
1497,7686,CSE
1498,7695,CSE
1499,7701,EEE
1500,7702,EEE
1501,7703,ECE
1502,7708,EEE
1503,7712,EEE
1504,7717,ECE
1505,7725,EEE
1506,7726,ECE
1507,7730,ECE
1508,7731,ECE
1509,7742,ECE
1510,7749,CSE
1511,7755,EEE
1512,7767,EEE
1513,7774,EEE
1514,7777,EEE
1515,7788,ECE
1516,7789,ECE
1517,7795,ECE
1518,7796,CSE
1519,7808,CSE
1520,7810,CSE
1521,7818,CSE
1522,7820,CSE
1523,7827,ECE
1524,7831,CSE
1525,7833,EEE
1526,7835,CSE
1527,7839,EEE
1528,7841,ECE
1529,7844,ECE
1530,7847,EEE
1531,7848,ECE
1532,7852,EEE
1533,7855,CSE
1534,7857,EEE
1535,7862,ECE
1536,7866,ECE
1537,7869,EEE
1538,7876,CSE
1539,7877,ECE
1540,7880,CSE
1541,7893,ECE
1542,7905,ECE
1543,7910,CSE
1544,7932,CSE
1545,7937,CSE
1546,7938,CSE
1547,7943,ECE
1548,7957,ECE
1549,7958,EEE
1550,7971,ECE
1551,7977,ECE
1552,7983,CSE
1553,7993,CSE
1554,7996,ECE
1555,7999,ECE
1556,8013,EEE
1557,8021,ECE
1558,8028,CSE
1559,8031,CSE
1560,8035,ECE
1561,8038,EEE
1562,8043,ECE
1563,8046,ECE
1564,8069,ECE
1565,8071,ECE
1566,8075,CSE
1567,8082,ECE
1568,8087,ECE
1569,8089,EEE
1570,8093,ECE
1571,8097,ECE
1572,8098,EEE
1573,8110,ECE
1574,8114,CSE
1575,8117,ECE
1576,8119,CSE
1577,8123,ECE
1578,8125,ECE
1579,8128,EEE
1580,8135,EEE
1581,8143,CSE
1582,8144,EEE
1583,8147,ECE
1584,8148,ECE
1585,8149,EEE
1586,8156,EEE
1587,8158,CSE
1588,8160,ECE
1589,8168,EEE
1590,8169,ECE
1591,8173,EEE
1592,8183,EEE
1593,8185,ECE
1594,8192,ECE
1595,8201,EEE
1596,8206,EEE
1597,8215,ECE
1598,8221,EEE
1599,8229,ECE
1600,8231,ECE
1601,8236,EEE
1602,8240,EEE
1603,8245,ECE
1604,8250,ECE
1605,8251,ECE
1606,8254,CSE
1607,8259,EEE
1608,8268,ECE
1609,8277,ECE
1610,8292,EEE
1611,8304,EEE
1612,8305,ECE
1613,8312,EEE
1614,8321,ECE
1615,8322,EEE
1616,8324,ECE
1617,8335,ECE
1618,8337,ECE
1619,8338,ECE
1620,8341,ECE
1621,8352,EEE
1622,8357,CSE
1623,8365,CSE
1624,8367,EEE
1625,8378,ECE
1626,8383,CSE
1627,8386,ECE
1628,8391,EEE
1629,8399,ECE
1630,8408,ECE
1631,8440,ECE
1632,8444,ECE
1633,8445,ECE
1634,8450,EEE
1635,8452,ECE
1636,8453,ECE
1637,8463,ECE
1638,8476,ECE
1639,8477,CSE
1640,8479,ECE
1641,8481,CSE
1642,8483,ECE
1643,8491,EEE
1644,8493,ECE
1645,8496,CSE
1646,8498,EEE
1647,8504,EEE
1648,8507,EEE
1649,8519,CSE
1650,8521,ECE
1651,8526,EEE
1652,8527,EEE
1653,8529,ECE
1654,8535,CSE
1655,8539,ECE
1656,8545,EEE
1657,8553,CSE
1658,8566,ECE
1659,8574,ECE
1660,8576,CSE
1661,8577,EEE
1662,8587,EEE
1663,8589,EEE
1664,8593,EEE
1665,8594,CSE
1666,8596,CSE
1667,8612,EEE
1668,8618,ECE
1669,8621,ECE
1670,8622,ECE
1671,8638,CSE
1672,8649,ECE
1673,8652,CSE
1674,8655,EEE
1675,8662,EEE
1676,8669,EEE
1677,8674,ECE
1678,8676,ECE
1679,8680,EEE
1680,8681,CSE
1681,8694,EEE
1682,8700,ECE
1683,8702,ECE
1684,8703,ECE
1685,8711,ECE
1686,8715,ECE
1687,8716,ECE
1688,8718,CSE
1689,8721,CSE
1690,8723,ECE
1691,8725,EEE
1692,8728,ECE
1693,8731,ECE
1694,8735,CSE
1695,8739,EEE
1696,8747,ECE
1697,8755,EEE
1698,8756,EEE
1699,8765,EEE
1700,8770,CSE
1701,8772,ECE
1702,8782,CSE
1703,8787,ECE
1704,8793,EEE
1705,8796,EEE
1706,8800,EEE
1707,8815,ECE
1708,8835,ECE
1709,8836,ECE
1710,8850,ECE
1711,8853,CSE
1712,8855,EEE
1713,8856,EEE
1714,8857,ECE
1715,8861,ECE
1716,8865,ECE
1717,8866,CSE
1718,8910,CSE
1719,8912,EEE
1720,8916,ECE
1721,8933,ECE
1722,8943,ECE
1723,8946,CSE
1724,8949,ECE
1725,8951,ECE
1726,8952,CSE
1727,8956,ECE
1728,8958,EEE
1729,8965,CSE
1730,8968,ECE
1731,8970,CSE
1732,8972,ECE
1733,8974,ECE
1734,8977,EEE
1735,8979,ECE
1736,8981,EEE
1737,8988,CSE
1738,9002,ECE
1739,9003,EEE
1740,9007,ECE
1741,9012,ECE
1742,9018,EEE
1743,9028,ECE
1744,9031,CSE
1745,9037,EEE
1746,9040,ECE
1747,9041,EEE
1748,9047,EEE
1749,9058,ECE
1750,9061,EEE
1751,9067,CSE
1752,9073,CSE
1753,9077,ECE
1754,9086,EEE
1755,9090,EEE
1756,9094,ECE
1757,9098,ECE
1758,9107,ECE
1759,9114,ECE
1760,9123,ECE
1761,9129,EEE
1762,9135,CSE
1763,9140,ECE
1764,9143,ECE
1765,9147,CSE
1766,9155,EEE
1767,9156,ECE
1768,9163,ECE
1769,9165,ECE
1770,9167,EEE
1771,9178,EEE
1772,9183,EEE
1773,9184,EEE
1774,9186,CSE
1775,9189,ECE
1776,9194,EEE
1777,9199,EEE
1778,9205,ECE
1779,9208,EEE
1780,9214,EEE
1781,9221,ECE
1782,9227,ECE
1783,9230,EEE
1784,9233,ECE
1785,9242,ECE
1786,9246,CSE
1787,9250,EEE
1788,9251,ECE
1789,9253,CSE
1790,9257,ECE
1791,9261,EEE
1792,9263,EEE
1793,9265,ECE
1794,9267,ECE
1795,9272,ECE
1796,9273,EEE
1797,9291,CSE
1798,9293,ECE
1799,9294,CSE
1800,9300,ECE
1801,9301,CSE
1802,9304,EEE
1803,9305,ECE
1804,9311,EEE
1805,9318,ECE
1806,9320,ECE
1807,9325,ECE
1808,9328,CSE
1809,9337,CSE
1810,9340,EEE
1811,9348,ECE
1812,9353,CSE
1813,9358,EEE
1814,9361,ECE
1815,9366,EEE
1816,9373,EEE
1817,9375,ECE
1818,9387,EEE
1819,9389,EEE
1820,9399,ECE
1821,9405,ECE
1822,9412,ECE
1823,9421,EEE
1824,9422,EEE
1825,9434,CSE
1826,9445,EEE
1827,9450,ECE
1828,9454,CSE
1829,9456,CSE
1830,9460,CSE
1831,9468,EEE
1832,9471,EEE
1833,9477,EEE
1834,9479,EEE
1835,9482,CSE
1836,9484,EEE
1837,9490,EEE
1838,9496,EEE
1839,9497,ECE
1840,9503,ECE
1841,9504,ECE
1842,9508,EEE
1843,9516,ECE
1844,9520,CSE
1845,9540,ECE
1846,9553,ECE
1847,9554,EEE
1848,9560,ECE
1849,9566,EEE
1850,9569,EEE
1851,9572,ECE
1852,9590,EEE
1853,9593,ECE
1854,9598,CSE
1855,9606,ECE
1856,9608,CSE
1857,9613,ECE
1858,9614,EEE
1859,9625,CSE
1860,9627,ECE
1861,9633,CSE
1862,9634,ECE
1863,9636,ECE
1864,9638,CSE
1865,9642,ECE
1866,9649,ECE
1867,9652,ECE
1868,9653,ECE
1869,9657,CSE
1870,9662,ECE
1871,9685,ECE
1872,9686,ECE
1873,9687,ECE
1874,9692,CSE
1875,9702,EEE
1876,9722,ECE
1877,9735,ECE
1878,9739,ECE
1879,9740,EEE
1880,9743,EEE
1881,9750,ECE
1882,9752,EEE
1883,9753,EEE
1884,9757,EEE
1885,9758,EEE
1886,9764,EEE
1887,9766,ECE
1888,9768,ECE
1889,9771,ECE
1890,9781,CSE
1891,9782,ECE
1892,9789,EEE
1893,9803,ECE
1894,9807,ECE
1895,9809,ECE
1896,9812,EEE
1897,9820,EEE
1898,9825,EEE
1899,9826,ECE
1900,9829,CSE
1901,9835,ECE
1902,9856,ECE
1903,9861,ECE
1904,9863,ECE
1905,9866,ECE
1906,9868,ECE
1907,9872,CSE
1908,9885,EEE
1909,9889,ECE
1910,9892,CSE
1911,9893,EEE
1912,9902,EEE
1913,9903,ECE
1914,9904,CSE
1915,9907,ECE
1916,9912,ECE
1917,9928,EEE
1918,9929,ECE
1919,9938,ECE
1920,9947,EEE
1921,9952,ECE
1922,9953,ECE
1923,9958,ECE
1924,9960,CSE
1925,9961,ECE
1926,9966,CSE
1927,9980,EEE
1928,9985,ECE
1929,9991,EEE
1930,9998,CSE
1931,10000,ECE
1932,10004,CSE
1933,10006,ECE
1934,10008,ECE
1935,10017,EEE
1936,10019,EEE
1937,10021,CSE
1938,10022,CSE
1939,10023,ECE
1940,10024,EEE
1941,10025,EEE
1942,10026,EEE
1943,10031,EEE
1944,10032,EEE
1945,10038,CSE
1946,10039,EEE
1947,10046,CSE
1948,10047,CSE
1949,10050,EEE
1950,10051,ECE
1951,10058,EEE
1952,10059,CSE
1953,10062,ECE
1954,10067,EEE
1955,10071,ECE
1956,10072,EEE
1957,10076,EEE
1958,10093,EEE
1959,10099,EEE
1960,10100,EEE
1961,10121,ECE
1962,10123,CSE
1963,10128,EEE
1964,10130,EEE
1965,10139,ECE
1966,10140,ECE
1967,10144,ECE
1968,10148,ECE
1969,10150,ECE
1970,10155,ECE
1971,10158,CSE
1972,10159,EEE
1973,10162,ECE
1974,10164,EEE
1975,10168,ECE
1976,10169,CSE
1977,10174,ECE
1978,10181,CSE
1979,10182,EEE
1980,10195,ECE
1981,10199,ECE
1982,10211,CSE
1983,10212,EEE
1984,10215,ECE
1985,10226,ECE
1986,10229,CSE
1987,10230,EEE
1988,10232,CSE
1989,10234,CSE
1990,10235,EEE
1991,10236,ECE
1992,10243,ECE
1993,10248,EEE
1994,10254,ECE
1995,10255,CSE
1996,10260,EEE
1997,10266,CSE
1998,10271,ECE
1999,10274,ECE
2000,10277,EEE
2001,10279,EEE
2002,10281,ECE
2003,10283,ECE
2004,10287,EEE
2005,10288,ECE
2006,10298,EEE
2007,10313,EEE
2008,10318,EEE
2009,10340,CSE
2010,10341,CSE
2011,10343,ECE
2012,10345,EEE
2013,10350,ECE
2014,10354,ECE
2015,10360,CSE
2016,10362,EEE
2017,10364,EEE
2018,10365,ECE
2019,10370,EEE
2020,10371,EEE
2021,10376,EEE
2022,10377,EEE
2023,10378,CSE
2024,10386,ECE
2025,10395,ECE
2026,10396,EEE
2027,10398,ECE
2028,10400,EEE
2029,10404,ECE
2030,10406,EEE
2031,10417,EEE
2032,10418,ECE
2033,10419,CSE
2034,10423,CSE
2035,10428,ECE
2036,10437,EEE
2037,10442,CSE
2038,10445,ECE
2039,10447,ECE
2040,10451,ECE
2041,10457,ECE
2042,10460,ECE
2043,10468,EEE
2044,10469,CSE
2045,10470,EEE
2046,10472,ECE
2047,10475,EEE
2048,10478,EEE
2049,10480,CSE
2050,10481,ECE
2051,10483,ECE
2052,10484,CSE
2053,10491,ECE
2054,10492,ECE
2055,10499,ECE
2056,10510,EEE
2057,10516,CSE
2058,10517,ECE
2059,10530,ECE
2060,10531,ECE
2061,10534,EEE
2062,10542,ECE
2063,10546,CSE
2064,10557,EEE
2065,10560,ECE
2066,10561,EEE
2067,10562,ECE
2068,10569,ECE
2069,10577,EEE
2070,10581,CSE
2071,10586,CSE
2072,10589,EEE
2073,10605,ECE
2074,10619,ECE
2075,10620,ECE
2076,10622,ECE
2077,10627,EEE
2078,10628,EEE
2079,10629,ECE
2080,10646,CSE
2081,10647,ECE
2082,10650,ECE
2083,10657,EEE
2084,10662,ECE
2085,10672,EEE
2086,10673,ECE
2087,10676,EEE
2088,10678,CSE
2089,10682,EEE
2090,10687,CSE
2091,10697,EEE
2092,10701,CSE
2093,10702,EEE
2094,10708,EEE
2095,10709,EEE
2096,10710,ECE
2097,10726,ECE
2098,10731,EEE
2099,10734,CSE
2100,10739,EEE
2101,10741,ECE
2102,10748,EEE
2103,10751,CSE
2104,10753,EEE
2105,10755,ECE
2106,10756,EEE
2107,10761,ECE
2108,10762,ECE
2109,10767,EEE
2110,10770,ECE
2111,10783,ECE
2112,10789,ECE
2113,10790,ECE
2114,10792,EEE
2115,10801,EEE
2116,10803,EEE
2117,10809,EEE
2118,10811,EEE
2119,10814,ECE
2120,10816,CSE
2121,10823,EEE
2122,10825,ECE
2123,10826,EEE
2124,10827,CSE
2125,10829,CSE
2126,10842,ECE
2127,10844,EEE
2128,10864,CSE
2129,10866,EEE
2130,10867,CSE
2131,10878,EEE
2132,10880,EEE
2133,10885,EEE
2134,10887,EEE
2135,10891,EEE
2136,10898,EEE
2137,10901,EEE
2138,10909,ECE
2139,10910,EEE
2140,10911,ECE
2141,10914,ECE
2142,10928,ECE
2143,10931,EEE
2144,10939,ECE
2145,10941,EEE
2146,10942,EEE
2147,10944,ECE
2148,10945,ECE
2149,10946,ECE
2150,10960,EEE
2151,10962,EEE
2152,10973,ECE
2153,10974,EEE
2154,10980,ECE
2155,10981,EEE
2156,10982,EEE
2157,10986,ECE
2158,10990,ECE
2159,10991,CSE
2160,11001,ECE
2161,11005,EEE
2162,11006,CSE
2163,11008,ECE
2164,11010,EEE
2165,11015,CSE
2166,11016,ECE
2167,11017,CSE
2168,11021,ECE
2169,11023,EEE
2170,11034,ECE
2171,11036,ECE
2172,11041,EEE
2173,11043,ECE
2174,11051,EEE
2175,11052,ECE
2176,11055,EEE
2177,11057,EEE
2178,11058,CSE
2179,11060,CSE
2180,11062,ECE
2181,11070,ECE
2182,11081,CSE
2183,11098,CSE
2184,11100,EEE
2185,11102,ECE
2186,11103,ECE
2187,11110,EEE
2188,11113,EEE
2189,11114,EEE
2190,11115,EEE
2191,11118,ECE
2192,11122,EEE
2193,11128,ECE
2194,11136,CSE
2195,11141,CSE
2196,11144,CSE
2197,11150,EEE
2198,11152,CSE
2199,11156,EEE
2200,11162,ECE
2201,11163,EEE
2202,11167,ECE
2203,11174,ECE
2204,11181,EEE
2205,11187,ECE
2206,11190,ECE
2207,11195,ECE
2208,11197,ECE
2209,11202,EEE
2210,11203,EEE
2211,11212,EEE
2212,11222,ECE
2213,11250,EEE
2214,11254,ECE
2215,11258,EEE
2216,11261,ECE
2217,11264,CSE
2218,11266,ECE
2219,11267,EEE
2220,11269,ECE
2221,11281,EEE
2222,11287,EEE
2223,11291,CSE
2224,11294,EEE
2225,11299,EEE
2226,11302,EEE
2227,11307,ECE
2228,11315,ECE
2229,11323,CSE
2230,11328,CSE
2231,11333,ECE
2232,11336,ECE
2233,11341,CSE
2234,11348,EEE
2235,11352,ECE
2236,11353,EEE
2237,11356,ECE
2238,11365,ECE
2239,11368,EEE
2240,11381,CSE
2241,11386,EEE
2242,11389,EEE
2243,11390,ECE
2244,11394,EEE
2245,11396,EEE
2246,11399,ECE
2247,11402,EEE
2248,11418,ECE
2249,11420,EEE
2250,11421,ECE
2251,11424,ECE
2252,11431,ECE
2253,11435,ECE
2254,11437,EEE
2255,11443,ECE
2256,11447,EEE
2257,11449,ECE
2258,11453,EEE
2259,11454,ECE
2260,11461,ECE
2261,11463,EEE
2262,11467,ECE
2263,11476,CSE
2264,11480,EEE
2265,11482,ECE
2266,11483,EEE
2267,11495,EEE
2268,11498,ECE
2269,11504,EEE
2270,11508,EEE
2271,11509,ECE
2272,11515,CSE
2273,11517,EEE
2274,11525,EEE
2275,11527,ECE
2276,11534,ECE
2277,11539,ECE
2278,11545,EEE
2279,11546,EEE
2280,11558,EEE
2281,11567,EEE
2282,11571,ECE
2283,11586,ECE
2284,11587,EEE
2285,11590,ECE
2286,11591,EEE
2287,11597,ECE
2288,11601,ECE
2289,11606,EEE
2290,11611,ECE
2291,11621,CSE
2292,11622,CSE
2293,11625,CSE
2294,11627,ECE
2295,11629,CSE
2296,11634,ECE
2297,11637,CSE
2298,11650,CSE
2299,11662,CSE
2300,11666,ECE
2301,11667,ECE
2302,11675,CSE
2303,11677,EEE
2304,11679,ECE
2305,11681,EEE
2306,11682,ECE
2307,11688,ECE
2308,11693,ECE
2309,11697,EEE
2310,11701,ECE
2311,11718,EEE
2312,11719,EEE
2313,11720,ECE
2314,11722,ECE
2315,11724,CSE
2316,11725,EEE
2317,11730,CSE
2318,11731,ECE
2319,11733,ECE
2320,11736,EEE
2321,11741,EEE
2322,11743,CSE
2323,11747,CSE
2324,11748,ECE
2325,11761,ECE
2326,11764,ECE
2327,11778,ECE
2328,11783,EEE
2329,11803,ECE
2330,11808,EEE
2331,11809,ECE
2332,11814,ECE
2333,11824,CSE
2334,11829,ECE
2335,11841,EEE
2336,11843,EEE
2337,11847,EEE
2338,11850,ECE
2339,11852,CSE
2340,11856,CSE
2341,11860,ECE
2342,11863,EEE
2343,11886,CSE
2344,11887,CSE
2345,11889,ECE
2346,11897,ECE
2347,11903,ECE
2348,11906,EEE
2349,11913,ECE
2350,11934,EEE
2351,11935,EEE
2352,11937,CSE
2353,11938,ECE
2354,11943,ECE
2355,11949,CSE
2356,11950,ECE
2357,11951,ECE
2358,11959,EEE
2359,11961,EEE
2360,11969,EEE
2361,11971,ECE
2362,11978,ECE
2363,11980,CSE
2364,11981,CSE
2365,11983,ECE
2366,11994,EEE
2367,12002,CSE
2368,12013,EEE
2369,12014,EEE
2370,12017,EEE
2371,12018,ECE
2372,12021,EEE
2373,12028,EEE
2374,12045,ECE
2375,12051,CSE
2376,12055,ECE
2377,12067,ECE
2378,12069,EEE
2379,12072,ECE
2380,12074,CSE
2381,12077,CSE
2382,12079,ECE
2383,12081,ECE
2384,12086,EEE
2385,12097,ECE
2386,12098,EEE
2387,12102,CSE
2388,12108,CSE
2389,12110,EEE
2390,12120,ECE
2391,12130,ECE
2392,12137,ECE
2393,12143,ECE
2394,12149,ECE
2395,12153,ECE
2396,12155,ECE
2397,12160,ECE
2398,12163,EEE
2399,12165,ECE
2400,12169,ECE
2401,12193,CSE
2402,12196,ECE
2403,12201,ECE
2404,12207,EEE
2405,12210,ECE
2406,12211,CSE
2407,12214,CSE
2408,12228,EEE
2409,12233,ECE
2410,12236,CSE
2411,12237,ECE
2412,12239,EEE
2413,12243,ECE
2414,12247,ECE
2415,12249,ECE
2416,12252,EEE
2417,12256,ECE
2418,12258,CSE
2419,12263,ECE
2420,12266,ECE
2421,12287,ECE
2422,12289,ECE
2423,12291,EEE
2424,12292,CSE
2425,12293,EEE
2426,12295,EEE
2427,12297,EEE
2428,12299,EEE
2429,12300,ECE
2430,12304,ECE
2431,12306,CSE
2432,12310,EEE
2433,12315,ECE
2434,12325,ECE
2435,12329,CSE
2436,12338,ECE
2437,12341,ECE
2438,12355,CSE
2439,12361,EEE
2440,12369,CSE
2441,12373,CSE
2442,12380,CSE
2443,12387,CSE
2444,12397,EEE
2445,12400,ECE
2446,12401,EEE
2447,12413,CSE
2448,12417,EEE
2449,12421,EEE
2450,12427,EEE
2451,12430,CSE
2452,12434,ECE
2453,12439,EEE
2454,12443,ECE
2455,12452,EEE
2456,12458,CSE
2457,12465,CSE
2458,12470,ECE
2459,12472,EEE
2460,12474,EEE
2461,12480,EEE
2462,12488,ECE
2463,12490,EEE
2464,12500,EEE
2465,12507,ECE
2466,12508,EEE
2467,12517,ECE
2468,12519,CSE
2469,12521,EEE
2470,12528,ECE
2471,12529,ECE
2472,12530,ECE
2473,12541,ECE
2474,12544,ECE
2475,12546,ECE
2476,12548,ECE
2477,12551,EEE
2478,12553,ECE
2479,12555,EEE
2480,12556,EEE
2481,12557,ECE
2482,12559,EEE
2483,12567,EEE
2484,12586,ECE
2485,12587,CSE
2486,12588,CSE
2487,12594,EEE
2488,12597,EEE
2489,12599,ECE
2490,12605,EEE
2491,12610,ECE
2492,12613,EEE
2493,12623,EEE
2494,12627,CSE
2495,12633,ECE
2496,12638,ECE
2497,12639,EEE
2498,12640,EEE
2499,12649,CSE
2500,12658,CSE
2501,12659,ECE
2502,12663,CSE
2503,12665,ECE
2504,12669,ECE
2505,12678,ECE
2506,12682,EEE
2507,12684,ECE
2508,12685,ECE
2509,12691,CSE
2510,12700,EEE
2511,12702,ECE
2512,12707,CSE
2513,12713,CSE
2514,12718,ECE
2515,12728,EEE
2516,12730,EEE
2517,12744,EEE
2518,12745,ECE
2519,12752,CSE
2520,12753,CSE
2521,12755,ECE
2522,12757,ECE
2523,12763,ECE
2524,12767,ECE
2525,12770,ECE
2526,12786,CSE
2527,12788,ECE
2528,12797,ECE
2529,12800,ECE
2530,12801,ECE
2531,12810,EEE
2532,12811,ECE
2533,12818,ECE
2534,12821,ECE
2535,12823,ECE
2536,12845,ECE
2537,12849,EEE
2538,12851,ECE
2539,12853,ECE
2540,12855,EEE
2541,12856,EEE
2542,12865,CSE
2543,12868,EEE
2544,12870,EEE
2545,12871,CSE
2546,12873,EEE
2547,12882,EEE
2548,12888,ECE
2549,12892,ECE
2550,12896,CSE
2551,12905,CSE
2552,12907,ECE
2553,12913,ECE
2554,12926,EEE
2555,12929,ECE
2556,12937,ECE
2557,12938,EEE
2558,12944,ECE
2559,12946,ECE
2560,12948,EEE
2561,12959,ECE
2562,12965,EEE
2563,12974,EEE
2564,12982,CSE
2565,12985,CSE
2566,12988,EEE
2567,12989,EEE
2568,13000,ECE
2569,13009,CSE
2570,13015,EEE
2571,13024,CSE
2572,13026,ECE
2573,13029,CSE
2574,13030,CSE
2575,13032,EEE
2576,13035,EEE
2577,13042,ECE
2578,13057,ECE
2579,13068,CSE
2580,13069,EEE
2581,13070,CSE
2582,13082,EEE
2583,13084,ECE
2584,13088,CSE
2585,13089,EEE
2586,13093,EEE
2587,13098,ECE
2588,13099,EEE
2589,13101,CSE
2590,13103,ECE
2591,13104,ECE
2592,13107,ECE
2593,13115,ECE
2594,13128,EEE
2595,13131,EEE
2596,13136,CSE
2597,13138,EEE
2598,13142,CSE
2599,13146,ECE
2600,13148,EEE
2601,13153,EEE
2602,13154,ECE
2603,13158,ECE
2604,13161,EEE
2605,13178,ECE
2606,13182,CSE
2607,13183,EEE
2608,13187,ECE
2609,13200,EEE
2610,13201,EEE
2611,13207,ECE
2612,13210,ECE
2613,13218,ECE
2614,13220,EEE
2615,13222,EEE
2616,13227,CSE
2617,13228,EEE
2618,13231,ECE
2619,13233,ECE
2620,13237,ECE
2621,13240,EEE
2622,13248,ECE
2623,13249,ECE
2624,13258,EEE
2625,13263,ECE
2626,13266,EEE
2627,13277,EEE
2628,13281,ECE
2629,13284,EEE
2630,13292,ECE
2631,13293,EEE
2632,13295,ECE
2633,13307,ECE
2634,13312,EEE
2635,13319,ECE
2636,13325,CSE
2637,13327,CSE
2638,13332,ECE
2639,13334,EEE
2640,13338,ECE
2641,13339,EEE
2642,13340,ECE
2643,13346,CSE
2644,13347,EEE
2645,13356,EEE
2646,13359,EEE
2647,13369,ECE
2648,13373,CSE
2649,13375,ECE
2650,13379,ECE
2651,13380,ECE
2652,13384,CSE
2653,13385,EEE
2654,13386,CSE
2655,13391,CSE
2656,13392,EEE
2657,13394,CSE
2658,13396,EEE
2659,13397,CSE
2660,13409,EEE
2661,13411,ECE
2662,13412,CSE
2663,13418,EEE
2664,13422,EEE
2665,13425,CSE
2666,13428,EEE
2667,13435,EEE
2668,13436,ECE
2669,13442,ECE
2670,13445,ECE
2671,13451,EEE
2672,13461,CSE
2673,13463,ECE
2674,13464,EEE
2675,13467,EEE
2676,13470,ECE
2677,13471,ECE
2678,13474,ECE
2679,13478,CSE
2680,13483,ECE
2681,13487,CSE
2682,13488,EEE
2683,13489,CSE
2684,13491,EEE
2685,13496,EEE
2686,13501,CSE
2687,13503,ECE
2688,13504,ECE
2689,13510,ECE
2690,13511,EEE
2691,13519,EEE
2692,13526,ECE
2693,13527,EEE
2694,13534,CSE
2695,13536,CSE
2696,13538,CSE
2697,13541,ECE
2698,13543,CSE
2699,13547,ECE
2700,13563,EEE
2701,13574,ECE
2702,13577,EEE
2703,13578,EEE
2704,13579,EEE
2705,13581,ECE
2706,13587,EEE
2707,13589,ECE
2708,13593,EEE
2709,13616,ECE
2710,13617,ECE
2711,13619,ECE
2712,13623,ECE
2713,13625,EEE
2714,13633,EEE
2715,13635,EEE
2716,13644,EEE
2717,13648,ECE
2718,13650,EEE
2719,13657,ECE
2720,13658,EEE
2721,13667,CSE
2722,13675,EEE
2723,13684,ECE
2724,13689,CSE
2725,13694,EEE
2726,13708,ECE
2727,13721,EEE
2728,13723,ECE
2729,13738,ECE
2730,13744,ECE
2731,13745,ECE
2732,13756,ECE
2733,13761,CSE
2734,13766,ECE
2735,13769,CSE
2736,13773,EEE
2737,13774,EEE
2738,13777,EEE
2739,13790,CSE
2740,13805,EEE
2741,13810,CSE
2742,13830,CSE
2743,13835,CSE
2744,13838,CSE
2745,13839,CSE
2746,13842,ECE
2747,13843,CSE
2748,13855,CSE
2749,13856,EEE
2750,13860,EEE
2751,13861,ECE
2752,13864,CSE
2753,13865,ECE
2754,13875,CSE
2755,13877,EEE
2756,13888,EEE
2757,13891,EEE
2758,13898,EEE
2759,13899,ECE
2760,13901,ECE
2761,13907,ECE
2762,13908,ECE
2763,13920,CSE
2764,13923,ECE
2765,13929,CSE
2766,13939,CSE
2767,13942,ECE
2768,13956,EEE
2769,13959,ECE
2770,13962,ECE
2771,13963,EEE
2772,13964,ECE
2773,13966,EEE
2774,13972,EEE
2775,13978,ECE
2776,13982,EEE
2777,13988,CSE
2778,13998,EEE
2779,14001,ECE
2780,14002,EEE
2781,14006,ECE
2782,14018,CSE
2783,14021,ECE
2784,14028,ECE
2785,14032,EEE
2786,14040,ECE
2787,14047,ECE
2788,14050,EEE
2789,14053,ECE
2790,14057,EEE
2791,14061,ECE
2792,14063,ECE
2793,14065,CSE
2794,14066,CSE
2795,14069,ECE
2796,14073,EEE
2797,14082,EEE
2798,14086,EEE
2799,14088,EEE
2800,14091,CSE
2801,14092,ECE
2802,14093,ECE
2803,14098,ECE
2804,14100,EEE
2805,14102,ECE
2806,14106,CSE
2807,14109,CSE
2808,14110,ECE
2809,14112,EEE
2810,14114,EEE
2811,14116,EEE
2812,14121,EEE
2813,14124,EEE
2814,14129,EEE
2815,14134,ECE
2816,14135,CSE
2817,14140,CSE
2818,14142,ECE
2819,14145,EEE
2820,14148,ECE
2821,14150,ECE
2822,14154,EEE
2823,14159,EEE
2824,14173,EEE
2825,14181,EEE
2826,14182,EEE
2827,14193,CSE
2828,14194,EEE
2829,14207,ECE
2830,14208,EEE
2831,14210,ECE
2832,14221,ECE
2833,14233,ECE
2834,14235,EEE
2835,14255,CSE
2836,14259,EEE
2837,14260,CSE
2838,14263,ECE
2839,14264,ECE
2840,14266,EEE
2841,14269,ECE
2842,14270,CSE
2843,14290,EEE
2844,14293,EEE
2845,14300,ECE
2846,14310,EEE
2847,14311,ECE
2848,14314,ECE
2849,14315,ECE
2850,14324,ECE
2851,14325,ECE
2852,14326,ECE
2853,14335,ECE
2854,14360,ECE
2855,14364,ECE
2856,14366,EEE
2857,14371,EEE
2858,14372,ECE
2859,14374,ECE
2860,14378,EEE
2861,14380,CSE
2862,14385,EEE
2863,14392,EEE
2864,14397,EEE
2865,14398,EEE
2866,14400,ECE
2867,14401,ECE
2868,14404,CSE
2869,14405,EEE
2870,14410,ECE
2871,14416,CSE
2872,14429,CSE
2873,14434,ECE
2874,14439,ECE
2875,14444,CSE
2876,14446,ECE
2877,14455,ECE
2878,14456,CSE
2879,14460,ECE
2880,14470,ECE
2881,14471,ECE
2882,14473,EEE
2883,14485,ECE
2884,14490,ECE
2885,14503,EEE
2886,14504,CSE
2887,14506,EEE
2888,14507,CSE
2889,14516,CSE
2890,14518,EEE
2891,14521,ECE
2892,14524,ECE
2893,14526,ECE
2894,14527,ECE
2895,14533,ECE
2896,14535,ECE
2897,14536,ECE
2898,14539,ECE
2899,14542,CSE
2900,14548,CSE
2901,14554,ECE
2902,14558,ECE
2903,14563,ECE
2904,14565,ECE
2905,14566,ECE
2906,14567,EEE
2907,14577,ECE
2908,14587,ECE
2909,14589,ECE
2910,14592,CSE
2911,14597,EEE
2912,14599,ECE
2913,14601,EEE
2914,14604,EEE
2915,14611,EEE
2916,14622,CSE
2917,14625,ECE
2918,14626,EEE
2919,14632,CSE
2920,14634,EEE
2921,14637,EEE
2922,14649,EEE
2923,14655,CSE
2924,14660,CSE
2925,14661,CSE
2926,14666,CSE
2927,14667,EEE
2928,14672,ECE
2929,14679,CSE
2930,14686,ECE
2931,14688,ECE
2932,14692,EEE
2933,14704,EEE
2934,14712,EEE
2935,14714,ECE
2936,14721,EEE
2937,14722,EEE
2938,14726,EEE
2939,14727,EEE
2940,14730,ECE
2941,14743,ECE
2942,14749,EEE
2943,14752,EEE
2944,14760,ECE
2945,14761,EEE
2946,14766,EEE
2947,14769,EEE
2948,14770,ECE
2949,14772,EEE
2950,14780,CSE
2951,14792,CSE
2952,14795,CSE
2953,14802,EEE
2954,14804,ECE
2955,14808,ECE
2956,14819,EEE
2957,14823,CSE
2958,14828,ECE
2959,14842,ECE
2960,14846,EEE
2961,14847,ECE
2962,14894,CSE
2963,14902,EEE
2964,14906,CSE
2965,14909,EEE
2966,14912,ECE
2967,14914,ECE
2968,14917,CSE
2969,14924,ECE
2970,14926,EEE
2971,14935,EEE
2972,14941,ECE
2973,14948,EEE
2974,14955,EEE
2975,14964,EEE
2976,14965,EEE
2977,14966,EEE
2978,14975,ECE
2979,14987,CSE
2980,14992,ECE
2981,14995,EEE
2982,15001,ECE
2983,15005,CSE
2984,15006,ECE
2985,15015,ECE
2986,15019,EEE
2987,15024,EEE
2988,15026,EEE
2989,15028,ECE
2990,15042,ECE
2991,15048,ECE
2992,15054,CSE
2993,15058,CSE
2994,15067,ECE
2995,15070,ECE
2996,15088,ECE
2997,15102,ECE
2998,15111,CSE
2999,15113,EEE
3000,15121,ECE
3001,15129,ECE
3002,15138,ECE
3003,15140,ECE
3004,15141,ECE
3005,15142,ECE
3006,15144,EEE
3007,15148,ECE
3008,15152,EEE
3009,15161,EEE
3010,15166,ECE
3011,15172,ECE
3012,15175,EEE
3013,15177,EEE
3014,15179,CSE
3015,15180,CSE
3016,15182,EEE
3017,15184,EEE
3018,15187,ECE
3019,15190,CSE
3020,15200,CSE
3021,15203,EEE
3022,15207,ECE
3023,15213,EEE
3024,15214,EEE
3025,15224,ECE
3026,15227,EEE
3027,15230,ECE
3028,15238,CSE
3029,15241,CSE
3030,15244,ECE
3031,15248,ECE
3032,15251,EEE
3033,15261,ECE
3034,15270,ECE
3035,15271,ECE
3036,15272,CSE
3037,15277,EEE
3038,15288,EEE
3039,15289,ECE
3040,15296,EEE
3041,15298,ECE
3042,15300,ECE
3043,15304,CSE
3044,15305,ECE
3045,15306,EEE
3046,15308,ECE
3047,15309,ECE
3048,15326,EEE
3049,15327,CSE
3050,15329,CSE
3051,15335,ECE
3052,15343,EEE
3053,15347,EEE
3054,15355,CSE
3055,15358,ECE
3056,15367,EEE
3057,15369,CSE
3058,15381,ECE
3059,15384,EEE
3060,15386,CSE
3061,15390,EEE
3062,15391,EEE
3063,15392,EEE
3064,15397,ECE
3065,15404,ECE
3066,15420,CSE
3067,15429,EEE
3068,15430,ECE
3069,15432,CSE
3070,15437,EEE
3071,15438,EEE
3072,15440,ECE
3073,15455,EEE
3074,15456,ECE
3075,15466,EEE
3076,15467,EEE
3077,15472,EEE
3078,15478,CSE
3079,15479,ECE
3080,15480,EEE
3081,15481,EEE
3082,15483,ECE
3083,15485,ECE
3084,15487,ECE
3085,15492,ECE
3086,15495,ECE
3087,15502,ECE
3088,15507,ECE
3089,15508,ECE
3090,15518,CSE
3091,15520,ECE
3092,15522,ECE
3093,15523,ECE
3094,15530,CSE
3095,15534,CSE
3096,15536,EEE
3097,15538,EEE
3098,15539,ECE
3099,15555,ECE
3100,15562,EEE
3101,15565,EEE
3102,15570,ECE
3103,15575,ECE
3104,15577,ECE
3105,15582,EEE
3106,15596,EEE
3107,15597,ECE
3108,15599,EEE
3109,15600,ECE
3110,15603,CSE
3111,15604,EEE
3112,15606,EEE
3113,15607,EEE
3114,15610,CSE
3115,15613,EEE
3116,15614,CSE
3117,15617,EEE
3118,15619,EEE
3119,15629,ECE
3120,15630,CSE
3121,15632,EEE
3122,15639,EEE
3123,15651,ECE
3124,15654,CSE
3125,15655,ECE
3126,15663,CSE
3127,15667,CSE
3128,15668,EEE
3129,15669,ECE
3130,15671,EEE
3131,15672,ECE
3132,15676,ECE
3133,15677,EEE
3134,15682,ECE
3135,15683,EEE
3136,15691,ECE
3137,15702,ECE
3138,15710,EEE
3139,15711,ECE
3140,15712,ECE
3141,15714,ECE
3142,15719,EEE
3143,15721,EEE
3144,15725,EEE
3145,15726,EEE
3146,15729,CSE
3147,15734,EEE
3148,15741,ECE
3149,15745,ECE
3150,15747,CSE
3151,15750,ECE
3152,15775,EEE
3153,15776,CSE
3154,15779,ECE
3155,15784,ECE
3156,15787,EEE
3157,15788,EEE
3158,15798,ECE
3159,15801,ECE
3160,15810,ECE
3161,15817,EEE
3162,15819,EEE
3163,15824,ECE
3164,15828,EEE
3165,15835,ECE
3166,15839,CSE
3167,15841,EEE
3168,15842,EEE
3169,15857,ECE
3170,15858,CSE
3171,15859,ECE
3172,15866,ECE
3173,15872,CSE
3174,15875,EEE
3175,15881,EEE
3176,15884,CSE
3177,15886,EEE
3178,15888,EEE
3179,15893,EEE
3180,15898,EEE
3181,15899,EEE
3182,15907,EEE
3183,15908,EEE
3184,15911,ECE
3185,15913,ECE
3186,15914,EEE
3187,15915,CSE
3188,15916,ECE
3189,15918,CSE
3190,15919,EEE
3191,15920,ECE
3192,15924,EEE
3193,15933,ECE
3194,15937,EEE
3195,15943,ECE
3196,15948,CSE
3197,15949,EEE
3198,15952,ECE
3199,15962,ECE
3200,15971,ECE
3201,15981,ECE
3202,15984,CSE
3203,15985,ECE
3204,15988,EEE
3205,16002,CSE
3206,16004,ECE
3207,16006,EEE
3208,16013,ECE
3209,16014,CSE
3210,16023,CSE
3211,16027,CSE
3212,16029,CSE
3213,16050,EEE
3214,16052,ECE
3215,16056,ECE
3216,16057,ECE
3217,16067,ECE
3218,16074,ECE
3219,16085,EEE
3220,16088,CSE
3221,16105,EEE
3222,16108,ECE
3223,16128,EEE
3224,16130,EEE
3225,16131,ECE
3226,16142,EEE
3227,16146,ECE
3228,16148,ECE
3229,16153,CSE
3230,16155,EEE
3231,16158,ECE
3232,16165,CSE
3233,16174,CSE
3234,16180,EEE
3235,16185,EEE
3236,16206,CSE
3237,16214,ECE
3238,16219,EEE
3239,16229,CSE
3240,16239,ECE
3241,16241,ECE
3242,16249,EEE
3243,16251,ECE
3244,16252,ECE
3245,16254,ECE
3246,16257,ECE
3247,16258,EEE
3248,16259,EEE
3249,16270,CSE
3250,16273,EEE
3251,16277,EEE
3252,16286,EEE
3253,16288,EEE
3254,16289,ECE
3255,16290,ECE
3256,16294,ECE
3257,16296,ECE
3258,16298,EEE
3259,16303,CSE
3260,16304,ECE
3261,16316,EEE
3262,16317,ECE
3263,16318,ECE
3264,16325,ECE
3265,16330,CSE
3266,16333,EEE
3267,16334,CSE
3268,16339,EEE
3269,16348,ECE
3270,16352,EEE
3271,16357,EEE
3272,16361,EEE
3273,16362,EEE
3274,16386,EEE
3275,16391,ECE
3276,16398,ECE
3277,16402,CSE
3278,16409,EEE
3279,16410,ECE
3280,16421,CSE
3281,16432,EEE
3282,16436,CSE
3283,16440,EEE
3284,16441,ECE
3285,16445,ECE
3286,16450,EEE
3287,16460,ECE
3288,16461,ECE
3289,16466,ECE
3290,16499,EEE
3291,16504,ECE
3292,16509,EEE
3293,16513,ECE
3294,16520,EEE
3295,16527,ECE
3296,16529,CSE
3297,16539,EEE
3298,16542,ECE
3299,16545,ECE
3300,16556,ECE
3301,16557,CSE
3302,16561,ECE
3303,16571,ECE
3304,16579,ECE
3305,16582,ECE
3306,16586,EEE
3307,16588,EEE
3308,16591,ECE
3309,16592,EEE
3310,16593,ECE
3311,16605,CSE
3312,16607,ECE
3313,16617,EEE
3314,16637,ECE
3315,16638,EEE
3316,16640,ECE
3317,16645,ECE
3318,16649,ECE
3319,16652,ECE
3320,16660,CSE
3321,16671,EEE
3322,16675,ECE
3323,16676,EEE
3324,16682,ECE
3325,16683,ECE
3326,16684,ECE
3327,16685,EEE
3328,16690,EEE
3329,16695,CSE
3330,16702,ECE
3331,16713,EEE
3332,16717,ECE
3333,16727,CSE
3334,16735,ECE
3335,16740,ECE
3336,16741,ECE
3337,16746,ECE
3338,16748,ECE
3339,16753,EEE
3340,16755,ECE
3341,16757,ECE
3342,16778,EEE
3343,16786,EEE
3344,16790,EEE
3345,16796,ECE
3346,16798,ECE
3347,16799,CSE
3348,16802,ECE
3349,16810,EEE
3350,16822,ECE
3351,16828,EEE
3352,16832,EEE
3353,16840,ECE
3354,16846,ECE
3355,16858,ECE
3356,16859,ECE
3357,16867,EEE
3358,16871,EEE
3359,16882,EEE
3360,16894,EEE
3361,16897,ECE
3362,16900,EEE
3363,16904,ECE
3364,16912,CSE
3365,16914,EEE
3366,16923,EEE
3367,16925,ECE
3368,16928,EEE
3369,16929,EEE
3370,16933,EEE
3371,16942,ECE
3372,16943,ECE
3373,16944,EEE
3374,16954,EEE
3375,16960,CSE
3376,16983,ECE
3377,16985,CSE
3378,16987,CSE
3379,16988,CSE
3380,16989,ECE
3381,16996,ECE
3382,17004,ECE
3383,17008,ECE
3384,17011,ECE
3385,17018,EEE
3386,17019,ECE
3387,17021,CSE
3388,17022,EEE
3389,17026,ECE
3390,17030,ECE
3391,17033,CSE
3392,17034,ECE
3393,17044,ECE
3394,17045,EEE
3395,17047,ECE
3396,17052,EEE
3397,17055,EEE
3398,17058,ECE
3399,17062,ECE
3400,17069,ECE
3401,17072,ECE
3402,17073,ECE
3403,17077,ECE
3404,17085,ECE
3405,17086,CSE
3406,17087,EEE
3407,17091,ECE
3408,17093,EEE
3409,17096,ECE
3410,17106,EEE
3411,17115,ECE
3412,17116,ECE
3413,17118,EEE
3414,17120,CSE
3415,17123,EEE
3416,17126,EEE
3417,17130,EEE
3418,17132,EEE
3419,17146,EEE
3420,17156,CSE
3421,17159,EEE
3422,17163,CSE
3423,17165,ECE
3424,17170,EEE
3425,17175,CSE
3426,17178,EEE
3427,17183,EEE
3428,17185,EEE
3429,17187,ECE
3430,17210,EEE
3431,17218,EEE
3432,17219,EEE
3433,17224,ECE
3434,17225,CSE
3435,17227,ECE
3436,17232,ECE
3437,17249,ECE
3438,17252,EEE
3439,17256,CSE
3440,17260,ECE
3441,17265,CSE
3442,17268,ECE
3443,17272,EEE
3444,17275,EEE
3445,17277,ECE
3446,17286,ECE
3447,17290,ECE
3448,17292,ECE
3449,17293,CSE
3450,17302,ECE
3451,17303,CSE
3452,17304,ECE
3453,17308,ECE
3454,17312,CSE
3455,17313,CSE
3456,17315,EEE
3457,17326,CSE
3458,17335,ECE
3459,17336,ECE
3460,17338,CSE
3461,17340,EEE
3462,17341,EEE
3463,17342,ECE
3464,17349,CSE
3465,17350,EEE
3466,17353,CSE
3467,17355,ECE
3468,17357,ECE
3469,17359,EEE
3470,17360,CSE
3471,17363,CSE
3472,17371,CSE
3473,17379,EEE
3474,17381,EEE
3475,17392,ECE
3476,17399,ECE
3477,17401,ECE
3478,17402,ECE
3479,17404,ECE
3480,17406,ECE
3481,17411,ECE
3482,17417,ECE
3483,17422,ECE
3484,17432,ECE
3485,17434,ECE
3486,17450,ECE
3487,17452,EEE
3488,17457,EEE
3489,17462,CSE
3490,17469,CSE
3491,17473,ECE
3492,17478,ECE
3493,17485,EEE
3494,17497,ECE
3495,17501,ECE
3496,17502,CSE
3497,17503,ECE
3498,17516,ECE
3499,17530,EEE
3500,17531,EEE
3501,17533,CSE
3502,17535,EEE
3503,17536,CSE
3504,17538,EEE
3505,17550,EEE
3506,17551,CSE
3507,17552,EEE
3508,17553,CSE
3509,17554,ECE
3510,17558,ECE
3511,17560,EEE
3512,17564,CSE
3513,17567,CSE
3514,17574,ECE
3515,17579,EEE
3516,17581,EEE
3517,17582,ECE
3518,17594,CSE
3519,17595,EEE
3520,17596,EEE
3521,17598,ECE
3522,17599,EEE
3523,17605,EEE
3524,17612,CSE
3525,17613,CSE
3526,17621,CSE
3527,17623,CSE
3528,17625,EEE
3529,17636,EEE
3530,17651,ECE
3531,17657,ECE
3532,17663,ECE
3533,17672,EEE
3534,17673,CSE
3535,17675,EEE
3536,17681,ECE
3537,17690,ECE
3538,17693,CSE
3539,17696,EEE
3540,17707,ECE
3541,17713,ECE
3542,17717,ECE
3543,17726,EEE
3544,17727,EEE
3545,17730,EEE
3546,17731,EEE
3547,17740,CSE
3548,17742,CSE
3549,17749,EEE
3550,17762,ECE
3551,17763,EEE
3552,17766,CSE
3553,17769,ECE
3554,17781,EEE
3555,17794,CSE
3556,17800,ECE
3557,17801,EEE
3558,17805,ECE
3559,17812,CSE
3560,17813,ECE
3561,17816,EEE
3562,17817,ECE
3563,17820,EEE
3564,17822,ECE
3565,17828,CSE
3566,17830,ECE
3567,17832,EEE
3568,17839,EEE
3569,17840,EEE
3570,17843,EEE
3571,17845,CSE
3572,17846,ECE
3573,17854,EEE
3574,17855,EEE
3575,17856,EEE
3576,17857,EEE
3577,17868,ECE
3578,17876,CSE
3579,17879,EEE
3580,17881,CSE
3581,17883,ECE
3582,17892,ECE
3583,17893,EEE
3584,17897,EEE
3585,17907,EEE
3586,17908,EEE
3587,17911,CSE
3588,17912,CSE
3589,17923,ECE
3590,17924,ECE
3591,17927,EEE
3592,17937,CSE
3593,17939,EEE
3594,17945,CSE
3595,17949,ECE
3596,17957,ECE
3597,17961,ECE
3598,17962,ECE
3599,17965,ECE
3600,17969,EEE
3601,17970,CSE
3602,17977,EEE
3603,17982,ECE
3604,17985,CSE
3605,17986,EEE
3606,17988,EEE
3607,17989,ECE
3608,17990,EEE
3609,17996,EEE
3610,17998,CSE
3611,18000,EEE
3612,18008,ECE
3613,18011,CSE
3614,18013,ECE
3615,18016,ECE
3616,18025,EEE
3617,18030,ECE
3618,18052,EEE
3619,18061,EEE
3620,18067,ECE
3621,18072,ECE
3622,18074,ECE
3623,18076,ECE
3624,18082,ECE
3625,18090,ECE
3626,18096,ECE
3627,18098,EEE
3628,18100,EEE
3629,18101,CSE
3630,18103,CSE
3631,18105,EEE
3632,18108,CSE
3633,18125,CSE
3634,18131,EEE
3635,18132,EEE
3636,18141,EEE
3637,18151,EEE
3638,18158,CSE
3639,18169,ECE
3640,18170,ECE
3641,18176,EEE
3642,18178,CSE
3643,18182,ECE
3644,18195,CSE
3645,18201,ECE
3646,18206,EEE
3647,18208,CSE
3648,18211,ECE
3649,18218,CSE
3650,18222,ECE
3651,18223,ECE
3652,18227,ECE
3653,18229,ECE
3654,18237,CSE
3655,18240,EEE
3656,18249,EEE
3657,18259,ECE
3658,18263,CSE
3659,18271,EEE
3660,18272,ECE
3661,18276,EEE
3662,18279,EEE
3663,18280,CSE
3664,18281,ECE
3665,18288,ECE
3666,18293,CSE
3667,18295,EEE
3668,18298,ECE
3669,18299,ECE
3670,18303,ECE
3671,18305,EEE
3672,18309,EEE
3673,18310,EEE
3674,18316,EEE
3675,18320,EEE
3676,18324,ECE
3677,18334,EEE
3678,18339,EEE
3679,18340,ECE
3680,18349,ECE
3681,18350,CSE
3682,18352,EEE
3683,18355,CSE
3684,18356,EEE
3685,18357,EEE
3686,18365,EEE
3687,18370,CSE
3688,18372,ECE
3689,18374,ECE
3690,18375,ECE
3691,18399,ECE
3692,18401,ECE
3693,18410,ECE
3694,18416,ECE
3695,18425,ECE
3696,18430,ECE
3697,18432,ECE
3698,18442,ECE
3699,18453,CSE
3700,18458,CSE
3701,18459,ECE
3702,18463,CSE
3703,18469,EEE
3704,18477,CSE
3705,18486,ECE
3706,18496,ECE
3707,18499,CSE
3708,18504,ECE
3709,18506,EEE
3710,18519,ECE
3711,18531,CSE
3712,18532,EEE
3713,18539,CSE
3714,18540,ECE
3715,18543,ECE
3716,18549,ECE
3717,18552,EEE
3718,18558,ECE
3719,18559,EEE
3720,18561,EEE
3721,18564,EEE
3722,18574,CSE
3723,18586,EEE
3724,18591,ECE
3725,18593,ECE
3726,18595,CSE
3727,18598,ECE
3728,18605,ECE
3729,18607,EEE
3730,18608,EEE
3731,18613,ECE
3732,18617,EEE
3733,18618,EEE
3734,18625,ECE
3735,18628,EEE
3736,18630,CSE
3737,18632,ECE
3738,18638,ECE
3739,18643,EEE
3740,18652,ECE
3741,18653,EEE
3742,18654,ECE
3743,18655,CSE
3744,18657,EEE
3745,18659,ECE
3746,18665,EEE
3747,18671,EEE
3748,18672,CSE
3749,18674,EEE
3750,18685,CSE
3751,18694,CSE
3752,18699,EEE
3753,18700,ECE
3754,18702,ECE
3755,18704,ECE
3756,18707,CSE
3757,18708,CSE
3758,18709,EEE
3759,18712,ECE
3760,18715,EEE
3761,18717,EEE
3762,18719,EEE
3763,18728,EEE
3764,18733,ECE
3765,18734,EEE
3766,18735,CSE
3767,18736,EEE
3768,18747,ECE
3769,18750,EEE
3770,18770,EEE
3771,18774,EEE
3772,18777,EEE
3773,18787,ECE
3774,18789,ECE
3775,18791,CSE
3776,18795,ECE
3777,18796,EEE
3778,18797,ECE
3779,18799,ECE
3780,18801,EEE
3781,18808,EEE
3782,18814,EEE
3783,18823,ECE
3784,18830,EEE
3785,18842,ECE
3786,18853,ECE
3787,18865,EEE
3788,18869,EEE
3789,18870,CSE
3790,18872,EEE
3791,18879,EEE
3792,18884,CSE
3793,18889,EEE
3794,18893,CSE
3795,18900,ECE
3796,18903,EEE
3797,18905,CSE
3798,18906,ECE
3799,18908,EEE
3800,18912,EEE
3801,18913,ECE
3802,18915,CSE
3803,18918,EEE
3804,18921,ECE
3805,18929,EEE
3806,18930,EEE
3807,18932,ECE
3808,18942,ECE
3809,18955,EEE
3810,18957,ECE
3811,18958,EEE
3812,18960,ECE
3813,18963,ECE
3814,18966,EEE
3815,18983,CSE
3816,18999,CSE
3817,19002,ECE
3818,19013,CSE
3819,19016,EEE
3820,19076,CSE
3821,19077,ECE
3822,19084,ECE
3823,19092,CSE
3824,19105,ECE
3825,19123,CSE
3826,19125,CSE
3827,19128,ECE
3828,19135,ECE
3829,19149,CSE
3830,19157,CSE
3831,19162,ECE
3832,19164,ECE
3833,19167,ECE
3834,19168,EEE
3835,19172,EEE
3836,19180,ECE
3837,19182,EEE
3838,19184,ECE
3839,19187,ECE
3840,19196,ECE
3841,19215,EEE
3842,19217,CSE
3843,19221,CSE
3844,19226,ECE
3845,19233,ECE
3846,19234,EEE
3847,19239,ECE
3848,19240,ECE
3849,19241,EEE
3850,19247,ECE
3851,19268,ECE
3852,19274,ECE
3853,19284,EEE
3854,19285,ECE
3855,19301,ECE
3856,19302,ECE
3857,19303,ECE
3858,19304,EEE
3859,19308,ECE
3860,19318,CSE
3861,19320,ECE
3862,19322,EEE
3863,19330,EEE
3864,19331,EEE
3865,19334,EEE
3866,19338,ECE
3867,19345,EEE
3868,19346,ECE
3869,19347,ECE
3870,19353,ECE
3871,19356,CSE
3872,19364,CSE
3873,19366,ECE
3874,19371,EEE
3875,19374,ECE
3876,19376,ECE
3877,19385,EEE
3878,19395,CSE
3879,19402,EEE
3880,19406,EEE
3881,19411,CSE
3882,19414,ECE
3883,19429,ECE
3884,19432,ECE
3885,19434,EEE
3886,19436,ECE
3887,19439,EEE
3888,19441,CSE
3889,19445,ECE
3890,19454,EEE
3891,19457,EEE
3892,19458,EEE
3893,19469,CSE
3894,19473,ECE
3895,19476,CSE
3896,19477,ECE
3897,19478,CSE
3898,19480,EEE
3899,19484,ECE
3900,19487,ECE
3901,19491,ECE
3902,19497,ECE
3903,19506,ECE
3904,19508,CSE
3905,19510,EEE
3906,19511,EEE
3907,19512,ECE
3908,19518,EEE
3909,19520,ECE
3910,19524,ECE
3911,19530,EEE
3912,19532,EEE
3913,19539,CSE
3914,19542,ECE
3915,19543,EEE
3916,19546,ECE
3917,19553,EEE
3918,19557,ECE
3919,19570,ECE
3920,19575,CSE
3921,19586,ECE
3922,19589,ECE
3923,19606,EEE
3924,19617,CSE
3925,19626,CSE
3926,19635,ECE
3927,19636,CSE
3928,19640,EEE
3929,19646,CSE
3930,19649,ECE
3931,19651,ECE
3932,19653,EEE
3933,19655,EEE
3934,19659,EEE
3935,19662,ECE
3936,19674,CSE
3937,19676,CSE
3938,19693,ECE
3939,19700,ECE
3940,19704,ECE
3941,19708,EEE
3942,19710,EEE
3943,19715,CSE
